Received: from NAHOU-MSMBX03V.corp.enron.com ([192.168.110.41]) by napdx-msmbx01v.corp.enron.com with Microsoft SMTPSVC(5.0.2195.2966);
	 Fri, 18 Jan 2002 09:02:03 -0800
X-Mimeole: Produced By Microsoft Exchange V6.0.5762.3
content-class: urn:content-classes:message
Subject: EES CA SCHEDULE for 1/23/02
MIME-Version: 1.0
Content-Type: text/plain;
Content-Transfer-Encoding: binary
Date: Fri, 18 Jan 2002 11:02:00 -0600
Message-ID: <8B8F71DE55D07C4B94CEA9EC69A257286C0758@NAHOU-MSMBX03V.corp.enron.com>
X-MS-Has-Attach: yes
X-MS-TNEF-Correlator: <8B8F71DE55D07C4B94CEA9EC69A257286C0758@NAHOU-MSMBX03V.corp.enron.com>
Thread-Topic: EES CA SCHEDULE for 1/23/02
Thread-Index: AcGgQdfIUAdQV1PfQTe/++3WDqRbpg==
X-Priority: 1
Priority: Urgent
Importance: high
From: "Frazier, Michael" <Michael.Frazier@ENRON.com>
To: "Bishop, Serena" <Serena.SNB.Bishop@ENRON.com>,
	"Coffing, Timothy" <Timothy.Coffing@ENRON.com>,
	"Davis, Pete" <Pete.Davis@ENRON.com>,
	"EES Power Settlements," <EESPowerSettlements@ENRON.com>,
	"Foster, Chris H." <Chris.H.Foster@ENRON.com>,
	"Jackson, Jeffrey" <Jeffrey.Jackson@ENRON.com>,
	"Mallory, Chris" <Chris.Mallory@ENRON.com>,
	"Platter, Phillip" <Phillip.Platter@ENRON.com>,
	"Richter, Jeff" <Jeff.Richter@ENRON.com>,
	"Oh, John" <John.Oh@ENRON.com>
Return-Path: Michael.Frazier@ENRON.com

The attached schedule covers Monday through Wednesday, Jan 21-23.  Schedules sent yesterday for the holiday Monday and for Tuesday now incorporate later weather forecast data and are again shown on sheets  "EES-Schedule day 1" and "day 2".  The schedule for Wednesday, Jan 23 on sheet labeled "day 3" is being sent early to accomodate the long holiday weekend.  If significant changes occur, this schedule will be rerun Tuesday AM.  Associated text files for all dates will be posted to Sparky as usual.

                 





Michael R. Frazier
Manager
Load Forecasting Desk
Enron Energy Services
Office: 713-345-3200
Pager: 877-926-0615
P-mail: 8779260615@skytel.com




