Received: from NAHOU-MSMBX01V.corp.enron.com ([192.168.110.38]) by NAHOU-MSMBX03V.corp.enron.com with Microsoft SMTPSVC(5.0.2195.2966);
	 Thu, 11 Oct 2001 14:45:26 -0500
X-MimeOLE: Produced By Microsoft Exchange V6.0.4712.0
content-class: urn:content-classes:message
MIME-Version: 1.0
Content-Type: text/plain;
Content-Transfer-Encoding: binary
Subject: FW: Rockets Schedule and Tickets
Date: Thu, 11 Oct 2001 14:45:25 -0500
Message-ID: <F83DBAFB0E316443A46002F0C6063EDF0C9445@NAHOU-MSMBX01V.corp.enron.com>
X-MS-Has-Attach: 
X-MS-TNEF-Correlator: <F83DBAFB0E316443A46002F0C6063EDF0C9445@NAHOU-MSMBX01V.corp.enron.com>
Thread-Topic: Rockets Schedule and Tickets
Thread-Index: AcFRo0qdZJqzoHrIRHeQOou6OZG2sAA6K58w
From: "Robertson, Audrey" <Audrey.Robertson@ENRON.com>
To: "Donoho, Lindy" <Lindy.Donoho@ENRON.com>,
	"Harris, Steven" <Steven.Harris@ENRON.com>,
	"Lindberg, Lorraine" <Lorraine.Lindberg@ENRON.com>,
	"Lohman, TK" <TK.Lohman@ENRON.com>,
	"Lokay, Michelle" <Michelle.Lokay@ENRON.com>,
	"McConnell, Mark" <Mark_mcconnell@enron.net>,
	"Robertson, Audrey" <Audrey.Robertson@ENRON.com>,
	"Watson, Kimberly" <Kimberly.Watson@ENRON.com>,
	"Y'Barbo, Paul" <Paul.Y'Barbo@ENRON.com>
Return-Path: Audrey.Robertson@ENRON.com

 
Please find listed below the Rockets 2001-2002 Season Tickets.   Submit your top four game choices to me as soon as possible and Steve will allocate. 

Please contact Steve immediately if you are interested in tickets for tonight's game and the October 23rd's game. 

	Pre-Season

		Dallas Mavericks		Thursday, October 11		7:30 pm	
		Detroit Pistons			Tuesday, October 23		7:30 pm	

	Regular Season
		
		Atlanta Hawks			Tuesday, October 30		7:30 pm

		Minnesota Timberwolves		Saturday, November 3		7:30 pm
		Philadelphia 76ers		Thursday, November 8		8:00 pm
		Dallas Mavericks		Saturday, November 17		7:30 pm
		
		San Antonio Spurs		Saturday, December 1		7:30 pm
		Cleveland Cavaliers		Tuesday, December 11		7:30 pm
		Portland Trail Blazers		Tuesday, December 18		7:30 pm
		Milwaukee Bucks		Saturday, December 22		7:30 pm

		Detroit Pistons			Thursday, January 3		7:30 pm
		New York Knicks		Tuesday, January 8		7:30 pm
		Dallas Mavericks		Tuesday, January 22		7:30 pm
		Golden State Warriors		Tuesday, January 29		7:30 pm
		
		Utah Jazz			Monday, February 4		7:30 pm
		Orlando Magic			Saturday, February 16		7:30 pm
		Boston Celtics			Saturday, February 23		7:30 pm

		Toronto Raptors			Tuesday, March 5		7:30 pm
		Utah Jazz			Sunday, March 10		2:00 pm
		Chicago Bulls			Saturday, March 16		7:30 pm
		Phoenix Suns			Saturday, March 30		7:30 pm

		San Antonio Spurs		Thursday, April 4		8:00 pm		
		Memphis Grizzlies		Sunday, April 14		7:30 pm



Audrey D. Robertson
Transwestern Pipeline Company 
email address:  audrey.robertson@enron.com
(713) 853-5849
(713) 646-2551 Fax


